,,,,,,Node,Alamat,Link,,,,Pengontrolan
,,,,,,0,Alamat,Alamat Link,,,,Titik Mulai dari disperindag : https://maps.app.goo.gl/2grbkPuWcS5fykR18
,,,,,,1,JL. DUPAK RUKUN 72AB,Link,,,,
,,,,,,2,JL. KUPANG JAYA NO.2A,Link,,,,
,,,,,,3,LOKASI DESA TAMBAK LANGON TANDES,Link,,,,
,,,,,,4,JL. TAMBAK OSOWILANGON SEMEMI,Link,,,,
,,,,,,5,JL. SIMOPOMAHAN 23 P,Link,,,,
,,,,,,6,JL. RAYA PAKAL 104 KEC.BENOWO,Link,,,,
,,,,,,7,JL. TANJUNGSARI,Link,,,,
,,,,,,8,JL. RAYA MARGOMULYO NO. 33,Link,,,,
,,,,,,9,JL. RAYA MENGANTI 772,Link,,,,
,,,,,,10,JL.MAY.JEND. HR MUHAMMAD 4850,Link,,,,
,,,,,,11,JL.RY MENGANTI LIDAH WETAN 139,Link,,,,
,,,,,,12,JL. RAYA MARGOMULYO NO. 30,Link,,,,
,,,,,,13,JL.CITRA RAYA BOULEVARD B TX1,Link,,,,
,,,,,,14,JL. HR. MUHAMMAD NO.113 PRADAH KALI,Link,,,,
,,,,,,15,JL. ARJUNO,Link,,,,
,,,,,,16,JL. A YANI 204,Link,,,,
,,,,,,17,JL. SULAWESI NO. 8,Link,,,,
,,,,,,18,JL. ARJUNO NO.80 (ARJUNOBROMO),Link,,,,
,,,,,,19,JL. MAYJEN SUNGKONO NO.47,Link,,,,
,,,,,,20,JL. JAGIR WONOKROMO,Link,,,,
,,,,,,21,JL. MASTRIP 237 KARANGPILANG,Link,,,,
7,,,,,,22,JL. MASTRIP KEDURUS,Link,,,,
,,,,,,23,JL. GUNUNGSARI NO. 53,Link,,,,
,,,,,,24,JL. RAYA MENGANTI 250,Link,,,,
,,,,,,25,JL. JOYOBOYO,Link,,,,
,,,,,,26,JL. RAYA NGAGEL 185 KEC. WONOKROMO,Link,,,,
,,,,,,27,JL. TIDAR NO. 127141,Link,,,,
,,,,,,28,JL. KEBONSARI TENGAH NO. 7065,Link,,,,
,,,,,,29,JL. RAYA MARGOREJO INDAH 146A,Link,,,,
,,,,,,30,JL. BALAS KEL. BALAS KLUMPRIK,Link,,,,
,,,,,,31,JL. MULYOSARI 388  KEC.SUKOLILO,Link,,,,
,,,,,,32,JL.KAPAS KRAMPUNG NO.99,Link,,,,
,,,,,,33,JL. RAYA DHARMAHUSADA 114116,Link,,,,
,,,,,,34,JL. KENJERAN NO.661,Link,,,,
,,,,,,35,JL. ARIEF RACHMAN HKM SUKOLILO,Link,,,,
,,,,,,36,JL. SEMOLOWARU NO.276,Link,,,,
,,,,,,37,JL. PANDUGO NO.84 RUNGKUT,Link,,,,
,,,,,,38,JL. SUMATRA NO.25 29,Link,,,,
,,,,,,39,JL. NGAGEL JAYA UTARA NO.91,Link,,,,
,,,,,,40,JL. PLOSO BARU NO. 183185,Link,,,,
,,,,,,41,JL. RAYA RUNGKUT MAPAN,Link,,,,
,,,,,,42,JL. KERTAJAYA JL. DHARMAWANGSA,Link,,,,
,,,,,,43,JL. MANYAR KERTOARJO,Link,,,,
,,,,,,44,JL. RUNGKUT INDUSTRI RY,Link,,,,
,,,,,,45,JL. RAYA RUNGKUT,Link,,,,
,,,,,,46,JL. MEDOKAN AYU 20 RUNGKUT,Link,,,,
,,,,,,47,JL. RAYA PANJANG JIWO NO.54,Link,,,,
,,,,,,48,JL. KLAMPIS JAYA NO.19,Link,,,,
,,,,,,49,NGINDEN SEMOLO 80,Link,,,,
,,,,,,50,JL. RAYA NGINDEN KEC. GUBENG,Link,,,,
,,,,,,51,JL. RAYA MERR KALIJUDAN,Link,,,,
,,,,,,52,PERAK BARAT / ALUN ALUN PRIOK,Link,,,,
,,,,,,53,JL. GRESIK NO. 97,Link,,,,
,,,,,,54,JL. GRESIK PPI NO. 7 SURABAYA,Link,,,,
,,,,,,55,JL. STASIUN KOTA NO.62 A,Link,,,,
,,,,,,56,JL. ISKANDAR MUDA,Link,,,,
,,,,,,57,JL. IKAN KAKAP NO. 21 KREMBANGAN,Link,,,,
,,,,,,58,JL. RAJAWALI NO. 24,Link,,,,
,,,,,,59,JL. SISINGAMANGARAJA,Link,,,,
,,,,,,60,JL. RAYA KEDUNG DCOWEK 204,Link,,,,
,,,,,,61,JL. KALIANAK NO. 152 C KEL MOROKREMBA,Link,,,,
,,,,,,62,JL. PAWIYATAN / JL. SEMARANG,Link,,,,
,,,,,,63,JL. KENJERAN,Link,,,,
,,,,,,64,JL. EMBONG KEMIRI NO. 48,Link,,,,
,,,,,,65,JL. DEMAK NO. 152,Link,,,,
,,,,,,66,JL. TEGALSARI NO. 4345,Link,,,,
,,,,,,67,JL. AMBENGAN 16 KETABANG,Link,,,,
,,,,,,68,JL. RY PECINDILAN 50 KAPASARI,Link,,,,
,,,,,,69,JL. KENJERAN 99,Link,,,,
,,,,,,70,JL. PAHLAWAN KEC. BUBUTAN,Link,,,,
,,,,,,71,"SPBU Shell Jl. Kenjeran No.591, Kalijudan",Link,,,,
,,,,,,72,SPBU Shell Jl. Kalijudan No. 24,Link,,,,
,,,,,,73,SPBU Shell Jl. Raya Kertajaya Indah No. 143,Link,,,,
,,,,,,74,"SPBU Shell MERR, 291",Link,,,,
,,,,,,75,SPBU Shell Raya Tenggilis-1,Link,,,,
,,,,,,76,SPBU Shell - Margorejo,Link,,,,
,,,,,,77,SPBU Shell Jl. Raya Prapen No.50,Link,,,,
,,,,,,78,SPBU Shell Jl.Raya Jemursari,Link,,,,
,,,,,,79,"SPBU Shell Mastrip - Kedurus, Karangpilang",Link,,,,
,,,,,,80,SPBU Shell Jl. Mayjend. Jonosewojo,Link,,,,
,,,,,,81,SPBU Shell Citraland - Mayor Jenderal Sungkono,Link,,,,
,,,,,,82,"SPBU Shell Jl. Diponegoro, DR. Soetomo",Link,,,,
,,,,,,83,SPBU Shell Jl. Simo Magersari No. 62,Link,,,,
,,,,,,84,SPBU Shell Jl. Raya Dupak,Link,,,,
,,,,,,85,SPBU Shell - Pemuda Central-1,Link,,,,